tipo_documento,documento,nombre,producto,poliza,periodo,valor_asegurado,valor_prima,doc_cobro,fecha_ini,fecha_fin,dias,telefono_1,telefono_2,telefono_3,ciudad,departamento,fecha_venta,fecha_nacimiento,tipo_trans,beneficiarios,genero,sucursal,tipo_cuenta,ultimos_digitos_cuenta,entidad_bancaria,nombre_banco,estado_debito,causal_rechazo,codigo_canal,descripcion_canal,codigo_estrategia,tipo_estrategia,correo_electronico,fecha_entrega_colmena,mes_a_trabajar,id,nombre_db,telefono,whatsapp,texto,email,fisica,mejor_canal,contactar_al
TI,13346515,Myriam Marlene García García,VIDA0,POL7383,2,16981355,321812,DOC3006,2025-05-28,,261,3473262653,3870069135,3321370415,Solano,Vaupés,2024-10-20,1991-10-20,001,Alexander Héctor Rojas,F,"Moreno, Ardila and Gutiérrez",,6983,Bcol,Banco Central,ERR,,,,,,,2025-05-29,05,,Arcchivo nada que ver.txt,,,,1,,email,
TI,69595805,Francisco Rafael Pabón Restrepo,HOGAR,4POL9235,5,43269592,175705,DOC6988,2023-12-18,,49,3048483069,3131001671,3273820405,Gualmatán,Norte de Santander,2024-09-01,1994-05-11,003,Alba Rodríguez Cardona,F,Herrera and Sons,,3714,BPOP,Banco Principal,PEND,,,,,,,2025-05-29,05,,Arcchivo nada que ver.txt,,,,1,,email,
CC,78744496,Camila Carmen Vásquez,AUTO1,POL5007,3,33324031,402248,DOC8722,2023-07-26,,305,3042156091,3336618491,3806432367,Guatapé,Meta,2023-11-12,1975-10-10,003,Luis Antonio Castillo,M,Beltrán-Sánchez,,6226,BPOP,Banco Central,PEND,,,,,,,2025-05-29,05,,Arcchivo nada que ver.txt,,,,1,1,email,
CE,98991519,Emilce Sarmiento García,VIDA8,POL3990,7,46055874,748098,DOC6065,2024-11-19,,117,3221472737,3298568320,3135483669,Algarrobo,Cauca,2024-08-11,1984-01-17,002,Gladys Bernal,F,Valencia-López,,7925,Bcol,Banco del Norte,OK,,,,,,,2025-05-29,05,,Arcchivo nada que ver.txt,,,,1,,email,
CE,39444486,Katherine Orozco Sanabria,AUTO0,POL1714,4,8429717,398980,DOC9245,2025-07-31,,258,3126971684,3770377979,3852631438,San Jacinto,Magdalena,2024-04-20,1982-06-01,002,José Iván Martínez,M,"Silva, Valencia and Gutiérrez",,4692,Davv,Banco del Norte,PEND,,,,,,,2025-05-29,05,,Arcchivo nada que ver.txt,,,,,1,fisica,
CC,82175692,Fredy Martínez Orozco,AUTO5,POL1887,1,16159295,569770,DOC4051,2024-12-09,,163,3787502640,3116068355,3584521289,Pueblo Nuevo,Caquetá,2025-04-15,1971-06-20,001,Isabel Carrillo,M,Cruz Ltd,,2858,AVVl,Banco Central,OK,,,,,,,2025-05-29,05,,Arcchivo nada que ver.txt,,,,1,,email,
CE,34070219,Yamile Suárez,HOGAR,1POL6981,7,5532147,85934,DOC6524,2023-04-15,,309,3035531031,3866544683,3895838613,San Pedro de Cartago,Guainía,2024-04-22,1999-01-13,003,Yenny Alix Castaño Restrepo,M,Vásquez Ltd,,1797,AVVl,Banco Principal,OK,,,,,,,2025-05-29,05,,Arcchivo nada que ver.txt,1,,,,,telefono,3035531031
TI,40707212,Carolina Lina Cortés,DENT8,POL9851,4,17579576,663937,DOC4331,2025-01-18,,262,3956046695,3784740708,3731056364,Chalán,Magdalena,2024-10-07,1974-05-10,002,Leidy Julieth Reyes,F,"Cardona, Duarte and Díaz",,2850,Bcol,Banco Central,PEND,,,,,,,2025-05-29,05,,Arcchivo nada que ver.txt,,,,1,1,email,
CE,86671614,Angie Mery Ayala Rivera,SALU0,POL7338,6,32970297,535079,DOC3276,2025-02-20,,33,3556999629,3768812755,3029614115,Silos,Valle del Cauca,2025-03-08,1991-01-13,002,Camilo Antonio García Pérez,F,Carvajal Inc,,2118,Davv,Banco Principal,OK,,,,,,,2025-05-29,05,,Arcchivo nada que ver.txt,1,,,,,telefono,3556999629
CE,92435695,Ruth Díaz,HOGAR,2POL1219,2,10797507,668620,DOC6985,2023-05-13,,268,3976947738,3634088237,3435780402,Santa María,Atlántico,2025-08-02,1994-08-13,002,Eduar Sanabria,F,Moreno-Martínez,,9943,Davv,Banco del Norte,OK,,,,,,,2025-05-29,05,,Arcchivo nada que ver.txt,,,,,1,fisica,
TI,67237842,Marta Gutiérrez Cuéllar,AUTO1,POL7110,3,20232684,304087,DOC6858,2024-01-21,,303,3067282004,3023800720,3001228594,Linares,Huila,2023-08-17,1990-01-12,003,Efrain Lorenzo Sánchez Londoño,M,"González, Rivera and Guzmán",,5036,Bcol,Banco del Norte,OK,,,,,,,2025-05-29,05,,Arcchivo nada que ver.txt,1,,,,,telefono,3067282004
CE,82723431,Nubia Clemencia Miranda,HOGAR,2POL9276,6,44702382,151210,DOC4904,2023-01-24,,315,3215167435,3487199728,3278478369,Santa Sofía,San Andrés y Providencia,2025-06-24,1992-03-16,001,Aníbal Montoya Orozco,M,Rivera-González,,6132,BBVA,Banco del Norte,OK,,,,,,,2025-05-29,05,,Arcchivo nada que ver.txt,,1,1,,,texto,3215167435
CE,78296625,William Cristian Fernández,AUTO5,POL3538,1,29883371,601435,DOC5942,2024-04-02,,30,3652462935,3132127923,3504365541,Valle de San Juan,Casanare,2025-07-25,1974-12-23,003,Marisol Maldonado Barreto,M,"Blanco, Morales and González",,1968,BPOP,Banco del Norte,PEND,,,,,,,2025-05-29,05,,Arcchivo nada que ver.txt,,,,,1,fisica,
CC,59279142,Juan Alejandro Ojeda,DENT9,POL7290,4,10175368,664320,DOC6078,2024-01-24,,191,3255709254,3858715001,3398547417,Concepción,Santander,2023-07-28,2000-03-10,003,María Victoria Galvis Mosquera,M,"Suárez, Díaz and López",,1492,FNA,Banco del Norte,PEND,,,,,,,2025-05-29,05,,Arcchivo nada que ver.txt,,,,1,1,email,
TI,36028288,Fernando Martínez,SALU8,POL2854,3,28483899,241818,DOC9243,2024-07-29,,278,3311774426,3505197890,3611437829,Caucasia,Cesar,2023-05-12,1993-09-29,003,Rosa Sánchez,M,Uribe-Ávila,,5959,Bcol,Banco del Norte,PEND,,,,,,,2025-05-29,05,,Arcchivo nada que ver.txt,,,,,1,fisica,
CC,72794086,Augusto Becerra González,VIDA4,POL5746,7,19730103,321895,DOC7655,2024-02-27,,76,3485672980,3557456554,3659708105,Santander de Quilichao,Cauca,2023-03-23,1971-08-07,003,Adriana Jenny Manrique,F,Narváez-Medina,,3040,FNA,Banco Principal,ERR,,,,,,,2025-05-29,05,,Arcchivo nada que ver.txt,,,1,,,texto,3485672980
CC,47869772,María Sandra López,VIDA5,POL9000,7,17477082,790232,DOC1783,2023-11-06,,163,3377017537,3877915614,3196337705,Villavieja,Chocó,2024-08-17,1989-10-26,003,Laura Magnolia Sierra,M,Ocampo LLC,,3968,Davv,Banco del Norte,ERR,,,,,,,2025-05-29,05,,Arcchivo nada que ver.txt,,1,,,,whatsapp,3377017537
CC,88797275,Claudia Espitia Ochoa,SALU2,POL7916,6,32013236,397858,DOC9521,2025-07-19,,150,3934112968,3709804544,3471382364,Armero,Boyacá,2023-05-17,1991-03-09,002,Jesús Vargas,F,Cortés-Cortés,,3425,Davv,Banco del Norte,OK,,,,,,,2025-05-29,05,,Arcchivo nada que ver.txt,,1,1,,,texto,3934112968
CE,10509916,Fernando Jiménez,VIDA1,POL2342,4,13300032,175456,DOC4093,2024-04-07,,38,3521805776,3036634816,3459441483,Coromoro,La Guajira,2023-11-27,1985-06-28,002,Claudia Alicia Sánchez Fuentes,M,"Silva, Galvis and Hurtado",,5400,AVVl,Banco del Norte,OK,,,,,,,2025-05-29,05,,Arcchivo nada que ver.txt,,,1,,,texto,3521805776
TI,69169084,Cecilia Acosta Ballesteros,AUTO7,POL9088,5,15862378,626229,DOC4808,2024-12-04,,44,3163993347,3552460650,3129842884,Usiacurí,Putumayo,2024-10-23,1990-07-24,002,Ángel Díaz,F,"González, Ospina and Rodríguez",,3427,Bcol,Banco Principal,OK,,,,,,,2025-05-29,05,,Arcchivo nada que ver.txt,,,1,,,texto,3163993347
CE,14688781,Dahiana Sofía Castro,DENT5,POL8561,8,15833610,276377,DOC1426,2023-06-09,,128,3248245336,3541689105,3486868825,Choachí,Magdalena,2024-04-10,1995-02-07,003,María Rentería Guzmán,F,Pérez LLC,,1620,AVVl,Banco del Norte,PEND,,,,,,,2025-05-29,05,,Arcchivo nada que ver.txt,,1,1,,,texto,3248245336
CC,14305015,Ferney Londoño,SALU4,POL4577,1,37291299,506519,DOC4465,2023-09-28,,249,3209550990,3128687910,3152741501,San Eduardo,La Guajira,2024-02-13,1973-08-07,002,Helena Flor Pacheco,M,Parra Inc,,9708,AVVl,Banco del Norte,ERR,,,,,,,2025-05-29,05,,Arcchivo nada que ver.txt,,1,,,,whatsapp,3209550990
TI,33092946,Brandon Edwin Hernández,VIDA6,POL3221,3,8898246,555776,DOC1377,2023-04-21,,49,3864088616,3077531545,3150193271,Riohacha,Cesar,2023-06-10,1987-04-26,003,Doris Agudelo Hernández,M,"Medina, Quintero and Martínez",,8359,Bcol,Banco del Norte,ERR,,,,,,,2025-05-29,05,,Arcchivo nada que ver.txt,,,,1,,email,
CC,93701881,Alcides Jesús Romero,HOGAR,0POL1389,8,23526539,146207,DOC5113,2024-07-06,,49,3520016013,3120921941,3350029707,Zaragoza,Boyacá,2025-06-20,2007-08-25,001,Eugenia Arango Aguilar,M,"Cruz, Muñoz and Valencia",,2268,Bcol,Banco Principal,ERR,,,,,,,2025-05-29,05,,Arcchivo nada que ver.txt,,,1,,,texto,3520016013
TI,99244222,Johana Paula Alzate,VIDA8,POL2831,8,15203179,790797,DOC7721,2025-05-15,,40,3024460206,3523380688,3545847329,Distracción,Guainía,2024-01-21,1980-12-03,002,María Guzmán,F,"Alzate, Muñoz and Garcés",,8383,Bcol,Banco Principal,PEND,,,,,,,2025-05-29,05,,Arcchivo nada que ver.txt,,1,1,,,texto,3024460206
CC,28757254,Henry Escobar Morales,SALU5,POL3857,4,41238208,251069,DOC1691,2023-01-11,,96,3714504086,3261004111,3143429205,Buriticá,Valle del Cauca,2023-05-18,1975-03-12,003,Carlos Víctor García,M,Mejía-Bautista,,2836,BBVA,Banco Principal,OK,,,,,,,2025-05-29,05,,Arcchivo nada que ver.txt,,,,1,,email,
CC,71794811,Mónica Gómez Betancur,VIDA6,POL6373,6,27331326,735400,DOC6364,2025-06-02,,172,3444396405,3841997733,3225156143,Tona,Casanare,2025-04-23,1984-01-12,002,Luisa Esperanza Alvarado,M,"Jaimes, Ruiz and Betancur",,7996,BBVA,Banco Principal,ERR,,,,,,,2025-05-29,05,,Arcchivo nada que ver.txt,,,,,1,fisica,
CE,70924515,Olga Luz Gil Ceballos,DENT0,POL3507,4,15980568,540253,DOC2649,2025-04-09,,101,3840911293,3337038478,3065971077,San Juan Nepomuceno,Arauca,2025-07-29,1986-10-26,003,Wendy Luz Vélez,M,"Forero, Suárez and Suárez",,1034,FNA,Banco del Norte,ERR,,,,,,,2025-05-29,05,,Arcchivo nada que ver.txt,,,1,,,texto,3840911293
TI,99897804,Liliana Fabiola Rodríguez,DENT9,POL9787,8,34425226,729609,DOC8376,2023-05-10,,163,3281944415,3893814790,3239244123,Carepa,Vichada,2024-06-16,1988-08-17,001,Orlando Cristian Osorio,M,"Guzmán, Morales and Caicedo",,5484,BCS,Banco Principal,ERR,,,,,,,2025-05-29,05,,Arcchivo nada que ver.txt,1,,,,,telefono,3281944415
TI,80206843,Clara Beltrán Mesa,SALU9,POL8901,2,6891145,338497,DOC6352,2024-07-22,,68,3505741726,3844276293,3178339334,Concepción,Meta,2023-03-20,1989-01-20,003,Carmen Diana Benavides,M,"Mercado, Angarita and Duarte",,1064,FNA,Banco del Norte,OK,,,,,,,2025-05-29,05,,Arcchivo nada que ver.txt,,1,,,,whatsapp,3505741726
TI,72434908,Zulma Carolina Hernández Toro,DENT6,POL4765,4,34503037,182808,DOC3311,2024-07-18,,211,3594968932,3537463710,3379276076,Nóvita,Bogotá D.C.,2024-06-19,1989-05-04,001,Fabián Bautista,F,"Arenas, Padilla and Buitrago",,8022,Davv,Banco del Norte,OK,,,,,,,2025-05-29,05,,Arcchivo nada que ver.txt,,,,,1,fisica,
TI,43570969,Roberto Guillermo Pacheco Torres,HOGAR,7POL6563,5,49783157,504494,DOC9088,2023-05-27,,260,3497189017,3166008547,3866613951,Magangué,Guainía,2023-10-24,2006-08-29,002,Fernanda Rosario Rodríguez,M,Flórez Inc,,9523,Davv,Banco Central,PEND,,,,,,,2025-05-29,05,,Arcchivo nada que ver.txt,,,1,,,texto,3497189017
CE,93844651,Humberto Rodríguez Rincón,VIDA9,POL6700,8,30483361,167346,DOC6283,2025-05-13,,127,3579989383,3635473433,3803436681,Buenavista,Cauca,2023-03-07,1991-05-29,001,Jorge Jiménez Molano,M,Jaramillo-Agudelo,,2680,Bcol,Banco Central,OK,,,,,,,2025-05-29,05,,Arcchivo nada que ver.txt,,1,,,,whatsapp,3579989383
CE,63731279,Luis Bryan Rojas Rodríguez,VIDA5,POL7566,1,32848936,472340,DOC1803,2024-06-19,,320,3717594738,3708535466,3026294543,Unión Panamericana,Valle del Cauca,2025-06-03,1986-03-14,001,Mary María Sánchez Betancur,M,"Villamizar, Muñoz and Martínez",,3038,FNA,Banco Principal,ERR,,,,,,,2025-05-29,05,,Arcchivo nada que ver.txt,,,,1,,email,
CE,63516765,Patricia Vargas García,AUTO5,POL8257,7,29235864,227798,DOC6788,2024-10-01,,234,3869941040,3980082063,3189931179,Paipa,Bolívar,2023-10-01,1996-10-13,003,Andrés Correa Torres,F,Salcedo-Angulo,,4453,BCS,Banco Central,ERR,,,,,,,2025-05-29,05,,Arcchivo nada que ver.txt,,1,,,,whatsapp,3869941040
CC,91351417,Silvio Stiven Quiroz,SALU5,POL7404,8,27688029,332640,DOC9299,2024-06-26,,203,3957516532,3629470362,3987881334,Rivera,Antioquia,2024-09-30,1983-03-30,003,Liceth María Paz Torres,F,Zuluaga Ltd,,6666,BCS,Banco del Norte,PEND,,,,,,,2025-05-29,05,,Arcchivo nada que ver.txt,,,,1,,email,
CC,51053687,Paola Alexandra Martínez Martínez,SALU8,POL7643,2,32569806,392369,DOC5882,2024-07-11,,90,3246063001,3263363200,3800030897,Puerto Asís,Santander,2023-08-19,1979-08-25,001,María Calderón,F,Vargas Ltd,,6200,Davv,Banco Central,PEND,,,,,,,2025-05-29,05,,Arcchivo nada que ver.txt,,,,1,,email,
CE,39832921,Olga María Roa,VIDA4,POL8271,1,35018429,851065,DOC7756,2024-11-17,,285,3746060852,3168567829,3918605752,Tutazá,Meta,2023-05-30,1971-10-18,002,Paula Galindo Castrillón,M,"Hernández, Rojas and Rojas",,8594,AVVl,Banco del Norte,ERR,,,,,,,2025-05-29,05,,Arcchivo nada que ver.txt,,,1,,,texto,3746060852
CE,62064224,Claudia Barragán Valderrama,AUTO4,POL3187,6,17876757,670383,DOC6371,2025-03-18,,142,3355538193,3320220778,3125190060,San Marcos,Cesar,2024-02-27,1977-09-22,003,Yésica Sierra,F,"Guerrero, López and Medina",,1960,BCS,Banco del Norte,ERR,,,,,,,2025-05-29,05,,Arcchivo nada que ver.txt,,1,,,,whatsapp,3355538193
CC,47275980,Sandra Adriana Giraldo Rentería,DENT4,POL1953,1,19575764,738557,DOC1544,2023-05-19,,328,3033514823,3931614550,3392838805,Obando,San Andrés y Providencia,2024-06-03,1992-08-18,003,Juan Bohórquez Morales,M,Camargo LLC,,8929,AVVl,Banco Principal,OK,,,,,,,2025-05-29,05,,Arcchivo nada que ver.txt,,,1,,,texto,3033514823
CE,92229817,Jenny Janeth Ortega,AUTO6,POL5300,3,35513378,494868,DOC1791,2023-05-28,,206,3904881497,3488941616,3729961105,Usiacurí,Valle del Cauca,2023-04-12,2003-05-09,001,Marco Cristian Bravo Torres,M,"Lozano, Loaiza and Rodríguez",,8622,BBVA,Banco del Norte,ERR,,,,,,,2025-05-29,05,,Arcchivo nada que ver.txt,1,1,,,,telefono,3904881497
CC,24505812,José Salgado Valencia,DENT6,POL6161,8,8956666,142480,DOC7155,2024-05-25,,212,3634497430,3285959012,3515874750,Tuluá,Caquetá,2023-05-07,1972-05-26,003,Miguel Christian Restrepo,M,"Parra, Giraldo and Vargas",,2344,Davv,Banco Principal,PEND,,,,,,,2025-05-29,05,,Arcchivo nada que ver.txt,1,,,,,telefono,3634497430
CC,16869422,Patricia Stella Pacheco,VIDA2,POL1878,9,44608302,168108,DOC4577,2024-06-01,,44,3519894588,3264491810,3716463510,Soplaviento,Norte de Santander,2025-07-05,1983-04-15,003,David García Gutiérrez,M,Rodríguez and Sons,,9772,Davv,Banco Principal,OK,,,,,,,2025-05-29,05,,Arcchivo nada que ver.txt,,,,1,,email,
CE,56700232,Melba Liliana Pineda,DENT3,POL8476,5,47409547,335088,DOC2810,2023-08-05,,203,3592618357,3214356675,3849787437,Puerto Wilches,Tolima,2025-06-25,1996-12-18,001,Óscar Hernando Quintero,F,Páez-Nieto,,2867,Davv,Banco Principal,PEND,,,,,,,2025-05-29,05,,Arcchivo nada que ver.txt,1,,1,1,,texto,3592618357
CC,43633680,Oswaldo Jhon Agudelo,SALU3,POL7482,3,32636744,361982,DOC4611,2023-02-09,,106,3313400072,3353395120,3746815222,Yalí,Santander,2024-05-18,1995-11-30,003,Doris Leidy Arias,F,Gómez-Ramírez,,3205,AVVl,Banco Central,ERR,,,,,,,2025-05-29,05,,Arcchivo nada que ver.txt,1,,1,1,,texto,3313400072
CC,98721062,Miguel Christian León Riascos,SALU7,POL8358,6,7721524,385905,DOC4174,2024-01-06,,286,3497267399,3183348161,3092244338,Amalfi,Chocó,2023-08-16,1989-04-07,001,Ignacio Juan Rodríguez,M,"Gómez, Rodríguez and Ramírez",,6867,BPOP,Banco del Norte,PEND,,,,,,,2025-05-29,05,,Arcchivo nada que ver.txt,,,1,,,texto,3497267399
CE,85819770,Doris María Arboleda,SALU2,POL8958,5,46995475,898764,DOC9825,2023-09-03,,76,3349648685,3078787007,3319425242,Elías,Santander,2025-05-22,2005-03-16,002,Andrés Fernando Rubio,F,Palacios Inc,,9604,BBVA,Banco Central,OK,,,,,,,2025-05-29,05,,Arcchivo nada que ver.txt,,,1,,,texto,3349648685
CC,56413973,Andrea Marcela Pulido Buitrago,DENT9,POL5311,8,7044924,507455,DOC1394,2025-01-24,,51,3622778754,3741626516,3316087768,Tópaga,Vaupés,2025-03-15,2004-05-15,001,Julio Ortiz Carvajal,M,Osorio Ltd,,9136,BBVA,Banco del Norte,OK,,,,,,,2025-05-29,05,,Arcchivo nada que ver.txt,,,1,,,texto,3622778754
CE,81609587,María Liliana Pineda,SALU0,POL8138,7,9790451,420011,DOC4669,2023-04-07,,314,3531500978,3281277666,3209982929,San Pedro,Guaviare,2023-05-30,2002-05-30,001,José Torres Aguirre,F,Pérez-Parra,,4451,BPOP,Banco Principal,PEND,,,,,,,2025-05-29,05,,Arcchivo nada que ver.txt,,,1,,,texto,3531500978
TI,19897188,Edith Yuliana Pacheco,DENT7,POL2410,2,49083123,544330,DOC3697,2025-08-21,,261,3899338537,3402422561,3032161286,San Juan de Rioseco,La Guajira,2024-11-21,1982-12-02,002,Yeison Guzmán Sarmiento,F,"Hernández, Díaz and Martínez",,5095,BBVA,Banco Principal,ERR,,,,,,,2025-05-29,05,,Arcchivo nada que ver.txt,,1,1,,,texto,3899338537
CC,93712298,Ana Navarro,SALU8,POL5404,3,44424001,763498,DOC5368,2023-10-19,,175,3500313388,3616319221,3419221232,Acacías,Vichada,2024-04-16,2003-02-24,002,Marcela Estefanía Salazar Moreno,M,Soto LLC,,5875,Bcol,Banco del Norte,PEND,,,,,,,2025-05-29,05,,Arcchivo nada que ver.txt,,,,,1,fisica,
CC,41171181,Nancy Karen López Benavides,DENT5,POL9572,8,17792827,677743,DOC8434,2024-01-20,,278,3314508104,3853944823,3982379332,Puerto Wilches,La Guajira,2025-01-25,1999-01-10,003,Nataly María Fuentes Acevedo,M,"Londoño, Montoya and Uribe",,7233,Bcol,Banco Principal,PEND,,,,,,,2025-05-29,05,,Arcchivo nada que ver.txt,,,,1,1,email,
CC,93640566,Carolina Silva Rodríguez,DENT0,POL2703,3,35193204,180713,DOC8020,2024-09-28,,189,3815378159,3558224264,3500631794,Sabanalarga,Caquetá,2025-04-04,1984-05-31,002,Karina González Suárez,M,Arias-González,,2484,Davv,Banco Central,OK,,,,,,,2025-05-29,05,,Arcchivo nada que ver.txt,,,,,1,fisica,
TI,70435146,Néstor César Ortiz,VIDA6,POL2188,4,11559170,264710,DOC2365,2024-08-24,,171,3754146160,3937124593,3556500659,Chipatá,Cesar,2023-08-12,1977-03-30,002,León Garzón Cruz,M,Velásquez Inc,,6929,FNA,Banco del Norte,OK,,,,,,,2025-05-29,05,,Arcchivo nada que ver.txt,1,,1,1,,texto,3754146160
TI,77843304,Isabel Caicedo,HOGAR,9POL3387,2,17469507,278301,DOC5594,2025-04-24,,293,3902778616,3844444802,3190134901,Milán,Atlántico,2024-08-07,1998-03-21,002,Gabriel Antonio Caicedo,F,Vásquez Inc,,5258,FNA,Banco Central,OK,,,,,,,2025-05-29,05,,Arcchivo nada que ver.txt,,,1,,,texto,3902778616
CE,75419069,Stella Marcela Salcedo,DENT4,POL3189,7,27342644,358119,DOC6905,2025-07-27,,269,3377497040,3845567067,3303081542,Tadó,Meta,2023-12-22,1976-03-21,001,Angie Heidy Ruiz Maldonado,M,Ruiz-Restrepo,,1818,BBVA,Banco del Norte,OK,,,,,,,2025-05-29,05,,Arcchivo nada que ver.txt,,,,,1,fisica,
CC,76384132,María Helena Sánchez Restrepo,DENT2,POL4277,8,39755494,559731,DOC9149,2023-02-01,,58,3031820179,3482336899,3126528916,Bochalema,Quindío,2025-03-18,2001-07-29,002,Joaquín Nieto,F,"Polo, Giraldo and Bedoya",,3715,FNA,Banco del Norte,OK,,,,,,,2025-05-29,05,,Arcchivo nada que ver.txt,,,,,1,fisica,
TI,68145529,Alfonso Mario Rodríguez,DENT4,POL5174,1,40145851,856734,DOC6415,2024-09-20,,354,3343211707,3877296522,3055237237,Cajamarca,Magdalena,2023-03-25,1979-04-20,002,Hernando Antonio Melo Arteaga,M,Pérez-Ortiz,,1787,Davv,Banco Central,OK,,,,,,,2025-05-29,05,,Arcchivo nada que ver.txt,1,,,,,telefono,3343211707
TI,36295980,Hernando Restrepo,VIDA7,POL6180,7,45354039,888642,DOC6217,2025-04-26,,109,3642305050,3170565381,3744028009,Algeciras,Tolima,2025-04-29,1977-11-04,001,Catherine Elena Quintero Uribe,M,Carmona Inc,,8954,BPOP,Banco Central,ERR,,,,,,,2025-05-29,05,,Arcchivo nada que ver.txt,,,,1,,email,
CE,87892044,Johanna Tania Duque,SALU5,POL2313,7,12362985,474230,DOC2667,2024-07-22,,276,3419741764,3862137280,3285074246,Pueblo Bello,Guaviare,2023-09-06,1990-09-14,003,Paulo Jhonatan Sánchez,F,Giraldo PLC,,3813,FNA,Banco Principal,ERR,,,,,,,2025-05-29,05,,Arcchivo nada que ver.txt,,1,1,,,texto,3419741764
CC,17345466,Jorge Castro Ramírez,HOGAR,1POL5626,8,40875230,128863,DOC8512,2025-07-03,,224,3435201613,3660709720,3188839225,La Celia,Caldas,2024-04-30,1987-03-30,003,Fabián Zambrano Sierra,M,Mosquera-Oviedo,,7531,BPOP,Banco Principal,PEND,,,,,,,2025-05-29,05,,Arcchivo nada que ver.txt,1,,,,,telefono,3435201613
CE,16370463,Inés Ortiz Arboleda,DENT0,POL6965,8,20773927,378416,DOC3828,2024-03-27,,357,3727854938,3079502273,3260662604,El Retén,Cesar,2024-12-05,1990-05-14,001,Angélica Rivera,M,Reyes-Bonilla,,7372,BPOP,Banco Principal,PEND,,,,,,,2025-05-29,05,,Arcchivo nada que ver.txt,1,,,,,telefono,3727854938
TI,26987785,Mauricio Díaz Muñoz,SALU4,POL2317,8,41721604,328025,DOC3575,2024-02-04,,254,3097092085,3655528263,3518850251,San Carlos,San Andrés y Providencia,2024-05-02,1983-12-02,001,Edgardo González,M,"Ávila, Guevara and Niño",,3751,FNA,Banco Principal,ERR,,,,,,,2025-05-29,05,,Arcchivo nada que ver.txt,1,1,,,,telefono,3097092085
CC,34001677,Valentina Zambrano Trujillo,HOGAR,3POL3123,5,34205356,536049,DOC8809,2023-04-24,,138,3211814196,3684137367,3879482062,La Esperanza,Cauca,2025-02-07,1970-04-27,002,Angie Ramírez Salas,M,Galvis-Reyes,,1554,BPOP,Banco Principal,PEND,,,,,,,2025-05-29,05,,Arcchivo nada que ver.txt,,,,1,,email,
CE,93996543,William Eduardo Mercado,DENT2,POL1295,7,39715816,458199,DOC4266,2023-08-15,,364,3568935932,3023197220,3353935455,Pueblo Bello,San Andrés y Providencia,2023-10-07,1980-12-28,001,David Iván Márquez,F,Romero Group,,3947,FNA,Banco del Norte,PEND,,,,,,,2025-05-29,05,,Arcchivo nada que ver.txt,,,,,1,fisica,
CC,77401279,Carmen Tatiana Murcia,VIDA0,POL1682,8,20921956,519497,DOC7271,2023-08-22,,150,3141914505,3322307441,3676855477,Quipile,Norte de Santander,2023-05-01,1981-03-19,003,Ignacio Arturo Romero Martínez,M,Monsalve-Martínez,,1025,BPOP,Banco del Norte,PEND,,,,,,,2025-05-29,05,,Arcchivo nada que ver.txt,,1,1,,,texto,3141914505
CE,59963109,Alberto Enrique Martínez Hurtado,HOGAR,8POL8620,2,15301323,321179,DOC5406,2024-02-05,,221,3912441788,3695180096,3897749401,Arboledas,Cesar,2024-11-18,1975-11-26,002,Mónica María Lozano Ruiz,M,Bustamante Inc,,7815,AVVl,Banco Principal,OK,,,,,,,2025-05-29,05,,Arcchivo nada que ver.txt,1,,,,,telefono,3912441788
CE,66379839,Edilma Benítez,DENT4,POL5331,8,46648645,96382,DOC8189,2023-12-24,,72,3633314332,3121959126,3238503045,Ventaquemada,Norte de Santander,2023-12-31,1971-05-11,003,Hernando José Quintero,F,Chávez Group,,6519,BBVA,Banco del Norte,ERR,,,,,,,2025-05-29,05,,Arcchivo nada que ver.txt,,,,,1,fisica,
CC,57365669,Maribel Ortega,DENT4,POL4852,8,46778235,734993,DOC4723,2024-04-05,,361,3139428218,3658649896,3880898461,Piedecuesta,Amazonas,2024-08-06,1970-02-26,002,Adrián Santos,M,"Ramos, Martínez and Velasco",,1697,BPOP,Banco Central,ERR,,,,,,,2025-05-29,05,,Arcchivo nada que ver.txt,,,,,1,fisica,
CE,98383992,David Villa Sarmiento,AUTO3,POL6646,1,5629889,736960,DOC2138,2023-07-21,,31,3804051938,3339756029,3551484991,Paicol,Bogotá D.C.,2023-02-03,2002-02-07,001,Cecilia Patricia Benavides,F,Carvajal Group,,9288,Bcol,Banco Central,PEND,,,,,,,2025-05-29,05,,Arcchivo nada que ver.txt,,1,1,,,texto,3804051938
CC,77123259,Jairo Mario Castillo Quintero,VIDA9,POL5869,4,12442332,140845,DOC7118,2024-10-31,,212,3169993000,3044121067,3222100225,Socorro,Putumayo,2025-08-04,1997-03-11,003,Alba Rentería Martínez,M,"Rojas, Rodríguez and Ortega",,5200,Bcol,Banco Central,PEND,,,,,,,2025-05-29,05,,Arcchivo nada que ver.txt,,,1,,,texto,3169993000
TI,63138949,Silvia María Pérez Fuentes,VIDA0,POL2199,2,17780887,790238,DOC3048,2025-01-21,,282,3985688313,3500684449,3609481695,Buenavista,Caldas,2024-08-12,1977-09-20,002,Nubia Yolanda Figueroa,M,Villa-Ramos,,4926,FNA,Banco Central,OK,,,,,,,2025-05-29,05,,Arcchivo nada que ver.txt,,,,,1,fisica,
CC,40285419,Alonso Ortega,SALU9,POL2157,2,12244772,606238,DOC2150,2023-12-30,,328,3627985246,3982908526,3522104369,Carcasí,Caldas,2023-05-21,1973-12-29,001,Germán Jair Hernández,M,Correa Inc,,2747,BCS,Banco Principal,ERR,,,,,,,2025-05-29,05,,Arcchivo nada que ver.txt,,,1,,,texto,3627985246
CC,85950941,Luis Federico Martínez,HOGAR,3POL9700,5,28189715,147515,DOC6435,2025-01-01,,305,3960561458,3233497705,3878548541,Suaza,Chocó,2023-01-29,1974-12-12,001,Gloria Luz Ramírez,M,Palacio PLC,,3474,BCS,Banco Principal,PEND,,,,,,,2025-05-29,05,,Arcchivo nada que ver.txt,,1,,,,whatsapp,3960561458
CC,71548839,Andrea Luna Sanabria,SALU8,POL9922,7,13442288,363466,DOC6082,2023-07-22,,354,3994847832,3607123032,3840103934,Betéitiva,Casanare,2023-06-20,2005-01-05,002,Esteban Dario López,F,"González, Velásquez and Cerón",,5554,Davv,Banco Central,PEND,,,,,,,2025-05-29,05,,Arcchivo nada que ver.txt,,,,,1,fisica,
CC,52599469,Manuela Esperanza Gutiérrez Miranda,SALU7,POL4072,5,38555686,891817,DOC4092,2024-04-03,,53,3930959857,3272695106,3412245065,Fuente de Oro,Casanare,2023-09-25,1981-10-12,001,Flor Barreto Villamizar,M,"Meza, Zuluaga and Reyes",,9468,Bcol,Banco Principal,ERR,,,,,,,2025-05-29,05,,Arcchivo nada que ver.txt,,1,,,,whatsapp,3930959857
TI,68103586,Lucía Acosta Gómez,HOGAR,5POL6433,5,29292748,527106,DOC5105,2024-01-06,,150,3282084508,3767845684,3578082363,Anzá,Bolívar,2023-08-05,1972-05-20,003,Alicia Marcela Vera Medina,M,Arias Group,,8958,BPOP,Banco del Norte,PEND,,,,,,,2025-05-29,05,,Arcchivo nada que ver.txt,,,1,,,texto,3282084508
CE,19136337,Alberto Forero Muñoz,DENT3,POL1793,2,7494154,389565,DOC6613,2024-12-21,,218,3037941227,3358958857,3061521819,Galeras,Caquetá,2023-07-01,2000-06-17,001,Catalina Leidy Méndez Mantilla,M,Vargas and Sons,,3469,FNA,Banco del Norte,ERR,,,,,,,2025-05-29,05,,Arcchivo nada que ver.txt,,,1,,,texto,3037941227
CE,21065860,Óscar Tulio Moreno Gómez,HOGAR,9POL9053,1,42463596,547429,DOC8739,2025-08-26,,113,3961440305,3349210388,3340412341,Paicol,Caquetá,2024-07-15,2000-03-30,002,Paula Fernanda Navarro Rodríguez,M,Hoyos-Cortés,,4386,BBVA,Banco del Norte,PEND,,,,,,,2025-05-29,05,,Arcchivo nada que ver.txt,,,,1,,email,
CE,74270330,Antonio Samuel Herrera Gómez,HOGAR,1POL6666,6,42683409,815952,DOC9302,2023-03-16,,240,3025979409,3761066849,3694708295,Santiago,Valle del Cauca,2025-07-21,1973-02-13,003,César Jorge Sánchez,M,Burbano-Peña,,3567,Bcol,Banco Principal,PEND,,,,,,,2025-05-29,05,,Arcchivo nada que ver.txt,1,1,,,,telefono,3025979409
